County,Pop
Montgomery County,1043863
Prince George's County,908049
Baltimore County,831026
Anne Arundel County,568346
Howard County,317233
Harford County,251032
Frederick County,247591
Carroll County,167656
Charles County,157705
Washington County,150292
St. Mary's County,112587
Cecil County,102603
Wicomico County,102577
Calvert County,91251
Allegany County,72130
Worcester County,51444
Queen Anne's County,48929
Talbot County,37278
Caroline County,32850
Dorchester County,32258
Garrett County,29425
Somerset County,25928
Kent County,19730
